entity_id,state,last_changed
sensor.battery_temperature,50.18,2025-12-22T01:30:00.000Z
sensor.battery_temperature,50.36,2025-12-22T01:30:40.498Z
sensor.battery_temperature,50.18,2025-12-22T01:30:55.497Z
sensor.battery_temperature,54.86,2025-12-22T01:32:58.523Z
sensor.battery_temperature,50.0,2025-12-22T01:33:13.599Z
sensor.battery_temperature,50.18,2025-12-22T01:33:58.490Z
sensor.battery_temperature,50.36,2025-12-22T01:34:58.490Z
sensor.battery_temperature,50.18,2025-12-22T01:35:13.489Z
sensor.battery_temperature,50.36,2025-12-22T01:36:43.490Z
sensor.battery_temperature,50.18,2025-12-22T01:36:58.487Z
sensor.battery_temperature,50.36,2025-12-22T01:39:28.491Z
sensor.battery_temperature,50.18,2025-12-22T01:39:43.490Z
sensor.battery_temperature,50.36,2025-12-22T01:41:28.486Z
sensor.battery_temperature,50.18,2025-12-22T01:41:43.498Z
sensor.battery_temperature,50.36,2025-12-22T01:43:13.605Z
sensor.battery_temperature,50.18,2025-12-22T01:43:28.490Z
sensor.battery_temperature,50.36,2025-12-22T01:43:58.490Z
sensor.battery_temperature,50.18,2025-12-22T01:44:28.490Z
sensor.battery_temperature,50.36,2025-12-22T01:46:28.500Z
sensor.battery_temperature,50.18,2025-12-22T01:46:43.489Z
sensor.battery_temperature,50.36,2025-12-22T01:48:14.489Z
sensor.battery_temperature,50.18,2025-12-22T01:49:44.488Z
sensor.battery_temperature,50.36,2025-12-22T01:49:59.488Z
sensor.battery_temperature,50.18,2025-12-22T01:50:14.496Z
sensor.battery_temperature,50.36,2025-12-22T01:50:29.493Z
sensor.battery_temperature,50.18,2025-12-22T01:53:01.199Z
sensor.battery_temperature,50.36,2025-12-22T01:53:15.506Z
sensor.battery_temperature,50.18,2025-12-22T01:53:30.495Z
sensor.battery_temperature,50.36,2025-12-22T01:54:00.499Z
sensor.battery_temperature,50.18,2025-12-22T02:18:02.488Z
sensor.battery_temperature,50.36,2025-12-22T02:18:17.488Z
sensor.battery_temperature,50.18,2025-12-22T02:18:32.487Z
sensor.battery_temperature,50.36,2025-12-22T02:19:02.488Z
sensor.battery_temperature,50.18,2025-12-22T02:19:17.486Z
sensor.battery_temperature,50.0,2025-12-22T02:22:32.488Z
sensor.battery_temperature,50.18,2025-12-22T02:23:17.489Z
sensor.battery_temperature,50.0,2025-12-22T02:24:02.489Z
sensor.battery_temperature,50.18,2025-12-22T02:24:32.487Z
sensor.battery_temperature,50.0,2025-12-22T02:25:02.507Z
sensor.battery_temperature,50.18,2025-12-22T02:26:32.502Z
sensor.battery_temperature,50.0,2025-12-22T02:27:17.490Z
sensor.battery_temperature,50.18,2025-12-22T02:28:17.486Z
sensor.battery_temperature,50.0,2025-12-22T02:28:32.486Z
sensor.battery_temperature,50.18,2025-12-22T02:29:17.494Z
sensor.battery_temperature,50.0,2025-12-22T02:29:32.490Z
sensor.battery_temperature,50.18,2025-12-22T02:30:17.490Z
sensor.battery_temperature,50.0,2025-12-22T02:30:47.491Z
sensor.battery_temperature,50.18,2025-12-22T02:36:32.510Z
sensor.battery_temperature,50.0,2025-12-22T02:36:47.490Z
sensor.battery_temperature,50.18,2025-12-22T03:33:19.320Z
sensor.battery_temperature,50.0,2025-12-22T03:33:34.489Z
sensor.battery_temperature,49.82,2025-12-22T03:45:34.488Z
sensor.battery_temperature,50.0,2025-12-22T03:45:49.489Z
sensor.battery_temperature,49.82,2025-12-22T03:46:19.487Z
sensor.battery_temperature,50.0,2025-12-22T03:46:49.488Z
sensor.battery_temperature,49.82,2025-12-22T03:47:34.489Z
sensor.battery_temperature,50.0,2025-12-22T03:47:49.490Z
sensor.battery_temperature,49.82,2025-12-22T03:48:19.487Z
sensor.battery_temperature,49.64,2025-12-22T04:04:05.488Z
sensor.battery_temperature,49.82,2025-12-22T04:04:35.501Z
sensor.battery_temperature,49.64,2025-12-22T04:05:05.489Z
sensor.battery_temperature,49.82,2025-12-22T04:05:35.491Z
sensor.battery_temperature,49.64,2025-12-22T04:05:50.512Z
sensor.battery_temperature,49.82,2025-12-22T04:06:50.494Z
sensor.battery_temperature,49.64,2025-12-22T04:07:05.495Z
sensor.battery_temperature,49.46,2025-12-22T04:13:52.494Z
sensor.battery_temperature,49.64,2025-12-22T04:14:22.496Z
sensor.battery_temperature,49.46,2025-12-22T04:14:37.504Z
sensor.battery_temperature,49.64,2025-12-22T04:15:37.486Z
sensor.battery_temperature,49.46,2025-12-22T04:15:52.499Z
sensor.battery_temperature,49.64,2025-12-22T04:17:22.494Z
sensor.battery_temperature,49.46,2025-12-22T04:17:52.497Z
sensor.battery_temperature,49.64,2025-12-22T04:18:22.498Z
sensor.battery_temperature,49.46,2025-12-22T04:18:37.494Z
sensor.battery_temperature,49.64,2025-12-22T04:19:07.496Z
sensor.battery_temperature,49.46,2025-12-22T04:19:22.492Z
sensor.battery_temperature,49.64,2025-12-22T04:20:22.494Z
sensor.battery_temperature,49.46,2025-12-22T04:20:37.494Z
sensor.battery_temperature,49.28,2025-12-22T04:23:07.501Z
sensor.battery_temperature,49.46,2025-12-22T04:23:52.495Z
sensor.battery_temperature,49.28,2025-12-22T04:24:22.489Z
sensor.battery_temperature,49.46,2025-12-22T04:25:07.501Z
sensor.battery_temperature,49.28,2025-12-22T04:26:07.500Z
sensor.battery_temperature,49.46,2025-12-22T04:26:22.491Z
sensor.battery_temperature,49.28,2025-12-22T04:26:37.495Z
sensor.battery_temperature,49.46,2025-12-22T04:27:07.497Z
sensor.battery_temperature,49.28,2025-12-22T04:27:22.519Z
sensor.battery_temperature,49.46,2025-12-22T04:27:52.497Z
sensor.battery_temperature,49.28,2025-12-22T04:30:07.512Z
sensor.battery_temperature,49.46,2025-12-22T04:30:52.493Z
sensor.battery_temperature,49.28,2025-12-22T04:31:07.492Z
sensor.battery_temperature,49.46,2025-12-22T04:31:37.496Z
sensor.battery_temperature,49.28,2025-12-22T04:32:07.503Z
sensor.battery_temperature,49.46,2025-12-22T04:32:22.500Z
sensor.battery_temperature,49.28,2025-12-22T04:33:07.506Z
sensor.battery_temperature,49.46,2025-12-22T04:34:07.500Z
sensor.battery_temperature,49.28,2025-12-22T04:34:22.498Z
sensor.battery_temperature,49.46,2025-12-22T04:35:07.502Z
sensor.battery_temperature,49.28,2025-12-22T04:35:22.500Z
sensor.battery_temperature,49.46,2025-12-22T04:36:22.493Z
sensor.battery_temperature,49.28,2025-12-22T04:36:37.496Z
sensor.battery_temperature,49.46,2025-12-22T04:36:52.494Z
sensor.battery_temperature,49.28,2025-12-22T04:37:07.498Z
sensor.battery_temperature,49.46,2025-12-22T04:45:07.496Z
sensor.battery_temperature,49.28,2025-12-22T04:45:22.497Z
sensor.battery_temperature,49.46,2025-12-22T04:45:52.497Z
sensor.battery_temperature,49.28,2025-12-22T04:46:22.488Z
sensor.battery_temperature,49.46,2025-12-22T04:48:37.490Z
sensor.battery_temperature,49.28,2025-12-22T04:48:52.494Z
sensor.battery_temperature,49.1,2025-12-22T05:00:07.501Z
sensor.battery_temperature,49.28,2025-12-22T05:03:07.497Z
sensor.battery_temperature,49.1,2025-12-22T05:03:22.518Z
sensor.battery_temperature,49.28,2025-12-22T05:03:37.499Z
sensor.battery_temperature,49.1,2025-12-22T05:03:52.497Z
sensor.battery_temperature,49.28,2025-12-22T05:05:22.500Z
sensor.battery_temperature,49.1,2025-12-22T05:05:37.496Z
sensor.battery_temperature,49.28,2025-12-22T05:07:52.499Z
sensor.battery_temperature,49.1,2025-12-22T05:08:37.496Z
sensor.battery_temperature,49.28,2025-12-22T05:08:52.508Z
sensor.battery_temperature,49.1,2025-12-22T05:09:07.499Z
sensor.battery_temperature,49.28,2025-12-22T05:09:52.496Z
sensor.battery_temperature,49.1,2025-12-22T05:10:07.499Z
sensor.battery_temperature,49.28,2025-12-22T05:10:37.494Z
sensor.battery_temperature,49.1,2025-12-22T05:10:52.493Z
sensor.battery_temperature,48.92,2025-12-22T05:17:22.489Z
sensor.battery_temperature,49.1,2025-12-22T05:17:37.489Z
sensor.battery_temperature,48.92,2025-12-22T05:17:52.487Z
sensor.battery_temperature,49.1,2025-12-22T05:18:22.489Z
sensor.battery_temperature,48.92,2025-12-22T05:18:52.489Z
sensor.battery_temperature,48.74,2025-12-22T05:31:37.487Z
sensor.battery_temperature,48.92,2025-12-22T05:31:52.490Z
sensor.battery_temperature,48.74,2025-12-22T05:32:07.510Z
sensor.battery_temperature,55.58,2025-12-22T05:33:25.719Z
sensor.battery_temperature,48.92,2025-12-22T05:33:40.489Z
sensor.battery_temperature,48.74,2025-12-22T05:33:55.501Z
sensor.battery_temperature,48.92,2025-12-22T05:34:40.489Z
sensor.battery_temperature,48.74,2025-12-22T05:34:55.490Z
sensor.battery_temperature,48.92,2025-12-22T05:36:25.506Z
sensor.battery_temperature,48.74,2025-12-22T05:36:40.490Z
sensor.battery_temperature,48.56,2025-12-22T05:40:55.488Z
sensor.battery_temperature,48.74,2025-12-22T05:41:25.491Z
sensor.battery_temperature,48.56,2025-12-22T05:42:40.492Z
sensor.battery_temperature,48.74,2025-12-22T05:42:55.489Z
sensor.battery_temperature,48.56,2025-12-22T05:43:10.486Z
sensor.battery_temperature,48.74,2025-12-22T05:43:25.488Z
sensor.battery_temperature,48.56,2025-12-22T05:44:10.489Z
sensor.battery_temperature,48.74,2025-12-22T05:44:40.489Z
sensor.battery_temperature,48.56,2025-12-22T05:45:25.491Z
sensor.battery_temperature,48.74,2025-12-22T05:45:40.490Z
sensor.battery_temperature,48.56,2025-12-22T05:45:55.488Z
sensor.battery_temperature,48.74,2025-12-22T05:46:10.486Z
sensor.battery_temperature,48.56,2025-12-22T05:46:25.494Z
sensor.battery_temperature,48.74,2025-12-22T05:46:55.493Z
sensor.battery_temperature,48.56,2025-12-22T05:47:25.491Z
sensor.battery_temperature,48.74,2025-12-22T05:48:10.495Z
sensor.battery_temperature,48.56,2025-12-22T05:48:25.487Z
sensor.battery_temperature,48.74,2025-12-22T05:48:40.505Z
sensor.battery_temperature,48.56,2025-12-22T05:48:55.505Z
sensor.battery_temperature,48.74,2025-12-22T05:49:40.506Z
sensor.battery_temperature,48.56,2025-12-22T05:51:40.506Z
sensor.battery_temperature,48.74,2025-12-22T05:52:10.489Z
sensor.battery_temperature,48.56,2025-12-22T05:52:25.489Z
sensor.battery_temperature,48.74,2025-12-22T05:52:40.488Z
sensor.battery_temperature,48.56,2025-12-22T05:52:55.490Z
sensor.battery_temperature,48.74,2025-12-22T05:53:27.282Z
sensor.battery_temperature,48.56,2025-12-22T06:00:12.494Z
sensor.battery_temperature,48.74,2025-12-22T06:00:42.486Z
sensor.battery_temperature,48.56,2025-12-22T06:00:57.485Z
sensor.battery_temperature,48.74,2025-12-22T06:01:12.510Z
sensor.battery_temperature,48.56,2025-12-22T06:01:27.488Z
sensor.battery_temperature,48.74,2025-12-22T06:02:57.496Z
sensor.battery_temperature,48.56,2025-12-22T06:03:27.537Z
sensor.battery_temperature,48.74,2025-12-22T06:03:57.495Z
sensor.battery_temperature,48.56,2025-12-22T06:04:12.511Z
sensor.battery_temperature,48.74,2025-12-22T06:04:57.492Z
sensor.battery_temperature,48.56,2025-12-22T06:05:12.486Z
sensor.battery_temperature,48.74,2025-12-22T06:05:27.486Z
sensor.battery_temperature,48.56,2025-12-22T06:05:42.486Z
sensor.battery_temperature,48.74,2025-12-22T06:08:27.489Z
sensor.battery_temperature,48.56,2025-12-22T06:08:42.490Z
sensor.battery_temperature,48.74,2025-12-22T06:09:27.488Z
sensor.battery_temperature,48.56,2025-12-22T06:09:57.490Z
sensor.battery_temperature,48.74,2025-12-22T06:10:27.490Z
sensor.battery_temperature,48.56,2025-12-22T06:10:42.493Z
sensor.battery_temperature,48.74,2025-12-22T06:10:57.492Z
sensor.battery_temperature,48.56,2025-12-22T06:11:12.490Z
sensor.battery_temperature,48.74,2025-12-22T06:11:42.490Z
sensor.battery_temperature,48.56,2025-12-22T06:11:57.507Z
sensor.battery_temperature,48.74,2025-12-22T06:13:29.460Z
sensor.battery_temperature,48.56,2025-12-22T06:13:44.488Z
sensor.battery_temperature,48.74,2025-12-22T06:14:14.490Z
sensor.battery_temperature,48.56,2025-12-22T06:14:29.488Z
sensor.battery_temperature,48.74,2025-12-22T06:14:44.494Z
sensor.battery_temperature,48.56,2025-12-22T06:14:59.488Z
sensor.battery_temperature,48.74,2025-12-22T06:15:29.486Z
sensor.battery_temperature,48.56,2025-12-22T06:15:44.492Z
sensor.battery_temperature,48.38,2025-12-22T06:21:59.503Z
sensor.battery_temperature,48.56,2025-12-22T06:22:14.488Z
sensor.battery_temperature,48.38,2025-12-22T06:22:44.487Z
sensor.battery_temperature,48.56,2025-12-22T06:22:59.503Z
sensor.battery_temperature,48.38,2025-12-22T06:23:29.486Z
sensor.battery_temperature,48.56,2025-12-22T06:23:44.489Z
sensor.battery_temperature,48.38,2025-12-22T06:23:59.487Z
sensor.battery_temperature,48.56,2025-12-22T06:24:29.487Z
sensor.battery_temperature,48.38,2025-12-22T06:25:29.492Z
sensor.battery_temperature,48.56,2025-12-22T06:25:59.488Z
sensor.battery_temperature,48.38,2025-12-22T06:26:14.489Z
sensor.battery_temperature,48.56,2025-12-22T06:26:29.486Z
sensor.battery_temperature,48.38,2025-12-22T06:26:59.491Z
sensor.battery_temperature,48.56,2025-12-22T06:27:14.488Z
sensor.battery_temperature,48.38,2025-12-22T06:27:44.498Z
sensor.battery_temperature,48.56,2025-12-22T06:27:59.488Z
sensor.battery_temperature,48.74,2025-12-22T06:28:44.489Z
sensor.battery_temperature,48.56,2025-12-22T06:28:59.484Z
sensor.battery_temperature,48.38,2025-12-22T06:29:44.483Z
sensor.battery_temperature,48.56,2025-12-22T06:29:59.487Z
sensor.battery_temperature,48.38,2025-12-22T06:31:14.488Z
sensor.battery_temperature,48.56,2025-12-22T06:31:59.490Z
sensor.battery_temperature,48.38,2025-12-22T06:32:44.494Z
sensor.battery_temperature,48.56,2025-12-22T06:33:29.486Z
sensor.battery_temperature,48.38,2025-12-22T06:33:59.501Z
sensor.battery_temperature,48.56,2025-12-22T06:41:44.498Z
sensor.battery_temperature,48.38,2025-12-22T06:41:59.492Z
sensor.battery_temperature,48.56,2025-12-22T06:42:29.492Z
sensor.battery_temperature,48.38,2025-12-22T06:42:44.503Z
sensor.battery_temperature,48.56,2025-12-22T06:44:29.492Z
sensor.battery_temperature,48.38,2025-12-22T06:44:44.503Z
sensor.battery_temperature,48.56,2025-12-22T06:48:14.495Z
sensor.battery_temperature,48.38,2025-12-22T06:48:29.492Z
sensor.battery_temperature,48.56,2025-12-22T06:49:29.512Z
sensor.battery_temperature,48.38,2025-12-22T06:49:44.487Z
sensor.battery_temperature,48.56,2025-12-22T06:50:14.493Z
sensor.battery_temperature,48.38,2025-12-22T06:50:29.492Z
sensor.battery_temperature,48.2,2025-12-22T06:56:14.489Z
sensor.battery_temperature,48.38,2025-12-22T06:56:29.488Z
sensor.battery_temperature,48.2,2025-12-22T06:57:14.486Z
sensor.battery_temperature,48.38,2025-12-22T06:58:14.488Z
sensor.battery_temperature,48.2,2025-12-22T06:58:29.490Z
sensor.battery_temperature,48.38,2025-12-22T06:59:29.489Z
sensor.battery_temperature,48.2,2025-12-22T06:59:44.489Z
sensor.battery_temperature,48.38,2025-12-22T07:00:59.492Z
sensor.battery_temperature,48.2,2025-12-22T07:01:14.499Z
sensor.battery_temperature,48.38,2025-12-22T07:03:14.497Z
sensor.battery_temperature,48.2,2025-12-22T07:03:29.490Z
sensor.battery_temperature,48.02,2025-12-22T07:10:29.497Z
sensor.battery_temperature,48.2,2025-12-22T07:10:44.492Z
sensor.battery_temperature,48.02,2025-12-22T07:10:59.497Z
sensor.battery_temperature,47.84,2025-12-22T07:12:44.497Z
sensor.battery_temperature,48.02,2025-12-22T07:13:59.498Z
sensor.battery_temperature,47.84,2025-12-22T07:14:29.498Z
sensor.battery_temperature,48.02,2025-12-22T07:15:29.516Z
sensor.battery_temperature,47.84,2025-12-22T07:15:44.498Z
sensor.battery_temperature,48.02,2025-12-22T07:16:44.486Z
sensor.battery_temperature,47.84,2025-12-22T07:16:59.502Z
sensor.battery_temperature,48.02,2025-12-22T07:23:14.498Z
sensor.battery_temperature,47.84,2025-12-22T07:23:29.500Z
sensor.battery_temperature,48.02,2025-12-22T07:24:14.501Z
sensor.battery_temperature,48.2,2025-12-22T07:27:44.501Z
sensor.battery_temperature,48.02,2025-12-22T07:27:59.499Z
sensor.battery_temperature,48.2,2025-12-22T07:28:29.501Z
sensor.battery_temperature,48.02,2025-12-22T07:28:59.491Z
sensor.battery_temperature,48.56,2025-12-22T07:33:46.446Z
sensor.battery_temperature,48.02,2025-12-22T07:34:01.487Z
sensor.battery_temperature,47.84,2025-12-22T07:38:31.489Z
sensor.battery_temperature,48.02,2025-12-22T07:38:46.488Z
sensor.battery_temperature,47.84,2025-12-22T07:39:01.489Z
sensor.battery_temperature,48.02,2025-12-22T07:39:16.488Z
sensor.battery_temperature,47.84,2025-12-22T07:39:31.486Z
sensor.battery_temperature,48.02,2025-12-22T07:40:01.491Z
sensor.battery_temperature,47.84,2025-12-22T07:40:16.493Z
sensor.battery_temperature,48.02,2025-12-22T07:42:01.488Z
sensor.battery_temperature,47.84,2025-12-22T07:42:31.487Z
sensor.battery_temperature,48.02,2025-12-22T07:45:16.488Z
sensor.battery_temperature,47.84,2025-12-22T07:45:31.486Z
sensor.battery_temperature,48.02,2025-12-22T07:45:46.487Z
sensor.battery_temperature,47.84,2025-12-22T07:46:01.485Z
sensor.battery_temperature,48.02,2025-12-22T07:46:31.492Z
sensor.battery_temperature,47.84,2025-12-22T07:46:46.501Z
sensor.battery_temperature,48.02,2025-12-22T07:48:31.490Z
sensor.battery_temperature,47.84,2025-12-22T07:49:01.495Z
sensor.battery_temperature,48.02,2025-12-22T07:53:01.490Z
sensor.battery_temperature,47.84,2025-12-22T07:53:16.490Z
sensor.battery_temperature,48.02,2025-12-22T07:56:03.497Z
sensor.battery_temperature,47.84,2025-12-22T07:56:18.491Z
sensor.battery_temperature,47.66,2025-12-22T07:58:03.494Z
sensor.battery_temperature,47.84,2025-12-22T07:58:18.486Z
sensor.battery_temperature,47.66,2025-12-22T07:58:33.489Z
sensor.battery_temperature,47.84,2025-12-22T07:58:48.492Z
sensor.battery_temperature,47.66,2025-12-22T07:59:03.487Z
sensor.battery_temperature,47.84,2025-12-22T08:01:33.490Z
sensor.battery_temperature,47.66,2025-12-22T08:01:48.488Z
sensor.battery_temperature,47.84,2025-12-22T08:02:18.490Z
sensor.battery_temperature,47.66,2025-12-22T08:02:33.489Z
sensor.battery_temperature,47.84,2025-12-22T08:03:33.487Z
sensor.battery_temperature,47.66,2025-12-22T08:03:48.491Z
sensor.battery_temperature,47.84,2025-12-22T08:28:20.500Z
sensor.battery_temperature,47.66,2025-12-22T08:28:35.496Z
sensor.battery_temperature,47.84,2025-12-22T08:30:20.497Z
sensor.battery_temperature,47.66,2025-12-22T08:30:35.496Z
sensor.battery_temperature,47.84,2025-12-22T08:38:20.507Z
sensor.battery_temperature,47.66,2025-12-22T08:38:35.491Z
sensor.battery_temperature,47.48,2025-12-22T08:46:35.490Z
sensor.battery_temperature,47.66,2025-12-22T08:47:20.505Z
sensor.battery_temperature,47.48,2025-12-22T08:47:50.516Z
sensor.battery_temperature,47.66,2025-12-22T08:49:20.497Z
sensor.battery_temperature,47.48,2025-12-22T08:49:35.496Z
sensor.battery_temperature,47.66,2025-12-22T08:50:35.499Z
sensor.battery_temperature,47.48,2025-12-22T08:50:50.499Z
sensor.battery_temperature,47.66,2025-12-22T08:51:05.514Z
sensor.battery_temperature,47.48,2025-12-22T08:51:35.494Z
sensor.battery_temperature,47.66,2025-12-22T08:51:50.508Z
sensor.battery_temperature,47.48,2025-12-22T08:52:05.728Z
sensor.battery_temperature,47.66,2025-12-22T08:52:35.493Z
sensor.battery_temperature,47.48,2025-12-22T08:54:05.491Z
sensor.battery_temperature,47.3,2025-12-22T08:56:50.495Z
sensor.battery_temperature,47.48,2025-12-22T09:02:50.502Z
sensor.battery_temperature,47.3,2025-12-22T09:03:05.492Z
sensor.battery_temperature,47.48,2025-12-22T09:09:35.490Z
sensor.battery_temperature,47.3,2025-12-22T09:10:05.495Z
sensor.battery_temperature,47.48,2025-12-22T09:10:50.498Z
sensor.battery_temperature,47.3,2025-12-22T09:11:05.492Z
sensor.battery_temperature,47.48,2025-12-22T09:11:35.489Z
sensor.battery_temperature,47.3,2025-12-22T09:11:50.493Z
sensor.battery_temperature,47.48,2025-12-22T09:12:20.497Z
sensor.battery_temperature,47.3,2025-12-22T09:12:35.487Z
sensor.battery_temperature,47.12,2025-12-22T09:20:50.504Z
sensor.battery_temperature,47.3,2025-12-22T09:21:20.492Z
sensor.battery_temperature,47.12,2025-12-22T09:21:35.491Z
sensor.battery_temperature,47.3,2025-12-22T09:21:50.494Z
sensor.battery_temperature,47.12,2025-12-22T09:22:05.510Z
sensor.battery_temperature,47.3,2025-12-22T09:22:20.491Z
sensor.battery_temperature,47.12,2025-12-22T09:22:50.494Z
sensor.battery_temperature,47.3,2025-12-22T09:23:50.493Z
sensor.battery_temperature,47.12,2025-12-22T09:24:05.494Z
sensor.battery_temperature,46.94,2025-12-22T09:27:35.487Z
sensor.battery_temperature,47.12,2025-12-22T09:28:20.492Z
sensor.battery_temperature,46.94,2025-12-22T09:28:35.496Z
sensor.battery_temperature,47.12,2025-12-22T09:29:05.495Z
sensor.battery_temperature,46.94,2025-12-22T09:29:20.491Z
sensor.battery_temperature,47.12,2025-12-22T09:29:35.495Z
sensor.battery_temperature,46.94,2025-12-22T09:29:50.495Z
sensor.battery_temperature,47.12,2025-12-22T09:30:35.486Z
sensor.battery_temperature,54.68,2025-12-22T09:33:53.727Z
sensor.battery_temperature,47.12,2025-12-22T09:34:08.501Z
sensor.battery_temperature,47.3,2025-12-22T09:34:23.502Z
sensor.battery_temperature,47.12,2025-12-22T09:34:53.487Z
sensor.battery_temperature,47.3,2025-12-22T09:37:53.500Z
sensor.battery_temperature,47.12,2025-12-22T09:38:08.505Z
sensor.battery_temperature,47.3,2025-12-22T09:39:08.488Z
sensor.battery_temperature,47.12,2025-12-22T09:39:23.512Z
sensor.battery_temperature,46.94,2025-12-22T09:42:53.488Z
sensor.battery_temperature,47.12,2025-12-22T09:43:23.491Z
sensor.battery_temperature,46.94,2025-12-22T09:43:38.489Z
sensor.battery_temperature,47.12,2025-12-22T09:44:38.489Z
sensor.battery_temperature,46.94,2025-12-22T09:44:53.491Z
sensor.battery_temperature,47.12,2025-12-22T09:45:23.490Z
sensor.battery_temperature,46.94,2025-12-22T09:45:38.495Z
sensor.battery_temperature,46.76,2025-12-22T09:47:23.489Z
sensor.battery_temperature,46.94,2025-12-22T09:47:53.488Z
sensor.battery_temperature,46.76,2025-12-22T09:48:08.497Z
sensor.battery_temperature,46.94,2025-12-22T09:48:23.487Z
sensor.battery_temperature,46.76,2025-12-22T09:48:38.489Z
sensor.battery_temperature,46.94,2025-12-22T09:48:53.491Z
sensor.battery_temperature,46.76,2025-12-22T09:49:08.490Z
sensor.battery_temperature,46.94,2025-12-22T09:49:23.489Z
sensor.battery_temperature,46.76,2025-12-22T09:49:38.491Z
sensor.battery_temperature,46.94,2025-12-22T09:49:53.487Z
sensor.battery_temperature,47.12,2025-12-22T09:53:08.493Z
sensor.battery_temperature,46.94,2025-12-22T09:53:23.487Z
sensor.battery_temperature,47.12,2025-12-22T09:53:38.489Z
sensor.battery_temperature,46.94,2025-12-22T09:53:55.329Z
sensor.battery_temperature,47.12,2025-12-22T09:54:25.487Z
sensor.battery_temperature,46.94,2025-12-22T09:54:40.493Z
sensor.battery_temperature,47.12,2025-12-22T09:55:10.488Z
sensor.battery_temperature,47.3,2025-12-22T09:59:25.490Z
sensor.battery_temperature,47.12,2025-12-22T09:59:40.490Z
sensor.battery_temperature,47.3,2025-12-22T10:00:10.499Z
sensor.battery_temperature,47.12,2025-12-22T10:00:25.489Z
sensor.battery_temperature,46.94,2025-12-22T10:04:40.492Z
sensor.battery_temperature,47.12,2025-12-22T10:04:55.491Z
sensor.battery_temperature,46.94,2025-12-22T10:05:25.493Z
sensor.battery_temperature,47.12,2025-12-22T10:06:10.490Z
sensor.battery_temperature,46.94,2025-12-22T10:06:25.494Z
sensor.battery_temperature,47.12,2025-12-22T10:07:10.488Z
sensor.battery_temperature,46.94,2025-12-22T10:07:40.489Z
sensor.battery_temperature,47.12,2025-12-22T10:08:40.491Z
sensor.battery_temperature,46.94,2025-12-22T10:08:55.490Z
sensor.battery_temperature,47.12,2025-12-22T10:09:10.490Z
sensor.battery_temperature,46.94,2025-12-22T10:09:40.495Z
sensor.battery_temperature,47.12,2025-12-22T10:09:55.487Z
sensor.battery_temperature,46.94,2025-12-22T10:10:25.489Z
sensor.battery_temperature,47.12,2025-12-22T10:10:40.489Z
sensor.battery_temperature,46.94,2025-12-22T10:11:40.491Z
sensor.battery_temperature,47.12,2025-12-22T10:11:55.490Z
sensor.battery_temperature,46.94,2025-12-22T10:12:25.491Z
sensor.battery_temperature,47.12,2025-12-22T10:12:55.489Z
sensor.battery_temperature,46.94,2025-12-22T10:13:25.509Z
sensor.battery_temperature,47.12,2025-12-22T10:18:41.492Z
sensor.battery_temperature,46.94,2025-12-22T10:18:56.509Z
sensor.battery_temperature,47.12,2025-12-22T10:25:56.495Z
sensor.battery_temperature,46.94,2025-12-22T10:26:26.698Z
sensor.battery_temperature,46.76,2025-12-22T10:31:11.491Z
sensor.battery_temperature,46.94,2025-12-22T10:31:41.490Z
sensor.battery_temperature,46.76,2025-12-22T10:31:56.506Z
sensor.battery_temperature,46.94,2025-12-22T10:32:11.494Z
sensor.battery_temperature,46.76,2025-12-22T10:32:56.495Z
sensor.battery_temperature,46.94,2025-12-22T10:33:11.495Z
sensor.battery_temperature,46.76,2025-12-22T10:35:56.492Z
sensor.battery_temperature,46.94,2025-12-22T10:36:41.493Z
sensor.battery_temperature,46.76,2025-12-22T10:37:26.497Z
sensor.battery_temperature,46.94,2025-12-22T10:37:41.492Z
sensor.battery_temperature,46.76,2025-12-22T10:38:11.493Z
sensor.battery_temperature,46.94,2025-12-22T10:38:26.494Z
sensor.battery_temperature,46.76,2025-12-22T10:38:41.495Z
sensor.battery_temperature,46.94,2025-12-22T10:39:11.489Z
sensor.battery_temperature,46.76,2025-12-22T10:39:41.502Z
sensor.battery_temperature,46.94,2025-12-22T10:39:56.495Z
sensor.battery_temperature,46.76,2025-12-22T10:42:26.494Z
sensor.battery_temperature,46.94,2025-12-22T10:42:56.487Z
sensor.battery_temperature,46.76,2025-12-22T10:43:11.486Z
sensor.battery_temperature,46.58,2025-12-22T10:49:41.494Z
sensor.battery_temperature,46.76,2025-12-22T10:57:26.493Z
sensor.battery_temperature,46.58,2025-12-22T10:57:41.489Z
sensor.battery_temperature,46.76,2025-12-22T10:58:11.492Z
sensor.battery_temperature,46.94,2025-12-22T11:04:56.497Z
sensor.battery_temperature,46.76,2025-12-22T11:05:11.495Z
sensor.battery_temperature,46.94,2025-12-22T11:07:41.491Z
sensor.battery_temperature,46.76,2025-12-22T11:07:56.492Z
sensor.battery_temperature,46.94,2025-12-22T11:11:11.491Z
sensor.battery_temperature,46.76,2025-12-22T11:11:26.492Z
sensor.battery_temperature,46.58,2025-12-22T11:18:56.497Z
sensor.battery_temperature,46.4,2025-12-22T11:20:56.494Z
sensor.battery_temperature,46.58,2025-12-22T11:21:41.498Z
sensor.battery_temperature,46.4,2025-12-22T11:21:56.500Z
sensor.battery_temperature,46.58,2025-12-22T11:23:41.508Z
sensor.battery_temperature,46.4,2025-12-22T11:23:56.491Z
sensor.battery_temperature,46.58,2025-12-22T11:24:56.488Z
sensor.battery_temperature,46.4,2025-12-22T11:25:41.496Z
sensor.battery_temperature,46.58,2025-12-22T11:26:11.494Z
sensor.battery_temperature,46.4,2025-12-22T11:26:26.501Z
sensor.battery_temperature,46.58,2025-12-22T11:27:11.492Z
sensor.battery_temperature,46.4,2025-12-22T11:28:11.497Z
sensor.battery_temperature,46.58,2025-12-22T11:28:26.493Z
sensor.battery_temperature,46.4,2025-12-22T11:28:41.502Z
sensor.battery_temperature,46.58,2025-12-22T11:29:41.497Z
sensor.battery_temperature,46.4,2025-12-22T11:29:56.495Z
sensor.battery_temperature,46.58,2025-12-22T11:30:41.488Z
sensor.battery_temperature,46.4,2025-12-22T11:31:11.495Z
sensor.battery_temperature,46.58,2025-12-22T11:31:56.492Z
sensor.battery_temperature,46.4,2025-12-22T11:32:11.518Z
sensor.battery_temperature,46.58,2025-12-22T11:32:56.487Z
sensor.battery_temperature,46.4,2025-12-22T11:33:11.494Z
sensor.battery_temperature,46.58,2025-12-22T11:34:41.496Z
sensor.battery_temperature,46.4,2025-12-22T11:34:56.495Z
sensor.battery_temperature,46.22,2025-12-22T11:37:41.506Z
sensor.battery_temperature,46.4,2025-12-22T11:37:56.486Z
sensor.battery_temperature,46.22,2025-12-22T11:38:26.493Z
sensor.battery_temperature,46.4,2025-12-22T11:40:11.537Z
sensor.battery_temperature,46.22,2025-12-22T11:40:26.498Z
sensor.battery_temperature,46.4,2025-12-22T11:40:56.491Z
sensor.battery_temperature,46.22,2025-12-22T11:41:41.492Z
sensor.battery_temperature,46.4,2025-12-22T11:41:56.487Z
sensor.battery_temperature,46.22,2025-12-22T11:42:11.488Z
sensor.battery_temperature,46.4,2025-12-22T11:44:41.494Z
sensor.battery_temperature,46.22,2025-12-22T11:44:56.492Z
sensor.battery_temperature,46.4,2025-12-22T11:45:41.493Z
sensor.battery_temperature,46.22,2025-12-22T11:45:56.491Z
sensor.battery_temperature,46.4,2025-12-22T11:49:56.492Z
sensor.battery_temperature,46.58,2025-12-22T12:03:43.493Z
sensor.battery_temperature,46.4,2025-12-22T12:03:58.490Z
sensor.battery_temperature,46.58,2025-12-22T12:04:13.487Z
sensor.battery_temperature,46.4,2025-12-22T12:04:28.493Z
sensor.battery_temperature,46.58,2025-12-22T12:04:58.502Z
sensor.battery_temperature,46.4,2025-12-22T12:05:13.490Z
sensor.battery_temperature,46.58,2025-12-22T12:05:58.489Z
sensor.battery_temperature,46.4,2025-12-22T12:06:43.494Z
sensor.battery_temperature,46.58,2025-12-22T12:06:58.492Z
sensor.battery_temperature,46.4,2025-12-22T12:07:43.491Z
sensor.battery_temperature,46.58,2025-12-22T12:08:13.486Z
sensor.battery_temperature,46.4,2025-12-22T12:08:43.496Z
sensor.battery_temperature,46.58,2025-12-22T12:09:43.489Z
sensor.battery_temperature,46.4,2025-12-22T12:10:13.487Z
sensor.battery_temperature,46.58,2025-12-22T12:10:28.487Z
sensor.battery_temperature,46.4,2025-12-22T12:12:43.487Z
sensor.battery_temperature,46.58,2025-12-22T12:12:58.490Z
sensor.battery_temperature,46.4,2025-12-22T12:13:43.488Z
sensor.battery_temperature,46.58,2025-12-22T12:13:58.490Z
sensor.battery_temperature,46.76,2025-12-22T12:34:15.501Z
sensor.battery_temperature,46.58,2025-12-22T12:34:30.489Z
sensor.battery_temperature,46.4,2025-12-22T12:40:45.486Z
sensor.battery_temperature,46.58,2025-12-22T12:41:00.488Z
sensor.battery_temperature,46.4,2025-12-22T12:41:15.492Z
sensor.battery_temperature,46.58,2025-12-22T12:41:45.492Z
sensor.battery_temperature,46.4,2025-12-22T12:42:45.490Z
sensor.battery_temperature,46.58,2025-12-22T12:43:00.492Z
sensor.battery_temperature,46.4,2025-12-22T12:45:00.492Z
sensor.battery_temperature,46.58,2025-12-22T12:45:30.492Z
sensor.battery_temperature,46.4,2025-12-22T12:46:00.488Z
sensor.battery_temperature,46.58,2025-12-22T12:47:30.487Z
sensor.battery_temperature,46.4,2025-12-22T12:48:00.490Z
sensor.battery_temperature,46.58,2025-12-22T12:48:30.488Z
sensor.battery_temperature,46.4,2025-12-22T12:48:45.489Z
sensor.battery_temperature,46.58,2025-12-22T12:51:00.488Z
sensor.battery_temperature,46.4,2025-12-22T12:51:15.490Z
sensor.battery_temperature,46.58,2025-12-22T12:51:45.488Z
sensor.battery_temperature,46.4,2025-12-22T12:52:00.492Z
sensor.battery_temperature,46.58,2025-12-22T12:54:15.488Z
sensor.battery_temperature,46.4,2025-12-22T12:54:30.488Z
sensor.battery_temperature,46.58,2025-12-22T13:07:30.489Z
sensor.battery_temperature,46.4,2025-12-22T13:07:45.488Z
sensor.battery_temperature,46.58,2025-12-22T13:08:45.489Z
sensor.battery_temperature,46.4,2025-12-22T13:09:00.496Z
sensor.battery_temperature,46.58,2025-12-22T13:11:15.489Z
sensor.battery_temperature,46.4,2025-12-22T13:11:30.489Z
sensor.battery_temperature,46.58,2025-12-22T13:11:45.506Z
sensor.battery_temperature,46.4,2025-12-22T13:14:45.489Z
sensor.battery_temperature,46.58,2025-12-22T13:15:15.488Z
sensor.battery_temperature,46.4,2025-12-22T13:15:30.490Z
sensor.battery_temperature,46.58,2025-12-22T13:15:45.489Z
sensor.battery_temperature,46.4,2025-12-22T13:16:00.489Z
sensor.battery_temperature,46.58,2025-12-22T13:16:30.491Z
sensor.battery_temperature,46.4,2025-12-22T13:16:45.488Z
sensor.battery_temperature,46.58,2025-12-22T13:17:15.491Z
sensor.battery_temperature,46.4,2025-12-22T13:17:45.488Z
sensor.battery_temperature,46.58,2025-12-22T13:18:30.489Z
sensor.battery_temperature,46.4,2025-12-22T13:23:15.494Z
sensor.battery_temperature,46.58,2025-12-22T13:23:45.520Z
sensor.battery_temperature,46.4,2025-12-22T13:24:00.491Z
sensor.battery_temperature,46.58,2025-12-22T13:24:15.488Z
sensor.battery_temperature,46.4,2025-12-22T13:24:30.488Z
sensor.battery_temperature,46.58,2025-12-22T13:30:45.491Z
sensor.battery_temperature,46.4,2025-12-22T13:31:15.492Z
sensor.battery_temperature,46.58,2025-12-22T13:33:15.496Z
sensor.battery_temperature,46.4,2025-12-22T13:33:30.491Z
sensor.battery_temperature,46.58,2025-12-22T13:34:30.488Z
sensor.battery_temperature,46.4,2025-12-22T13:35:00.490Z
sensor.battery_temperature,46.58,2025-12-22T13:36:15.490Z
sensor.battery_temperature,46.4,2025-12-22T13:36:45.488Z
sensor.battery_temperature,46.58,2025-12-22T13:37:45.487Z
sensor.battery_temperature,46.4,2025-12-22T13:38:00.495Z
sensor.battery_temperature,46.58,2025-12-22T13:38:15.489Z
sensor.battery_temperature,46.4,2025-12-22T13:38:30.489Z
sensor.battery_temperature,46.58,2025-12-22T13:39:30.489Z
sensor.battery_temperature,46.4,2025-12-22T13:39:45.488Z
sensor.battery_temperature,46.58,2025-12-22T13:46:00.489Z
sensor.battery_temperature,46.4,2025-12-22T13:46:15.654Z
sensor.battery_temperature,46.58,2025-12-22T13:57:30.490Z
sensor.battery_temperature,46.4,2025-12-22T13:57:45.504Z
sensor.battery_temperature,46.58,2025-12-22T13:59:30.488Z
sensor.battery_temperature,46.76,2025-12-22T14:06:30.488Z
sensor.battery_temperature,46.58,2025-12-22T14:06:45.485Z
sensor.battery_temperature,46.76,2025-12-22T14:07:15.488Z
sensor.battery_temperature,46.58,2025-12-22T14:08:00.509Z
sensor.battery_temperature,46.76,2025-12-22T14:08:45.489Z
sensor.battery_temperature,46.58,2025-12-22T14:09:00.486Z
sensor.battery_temperature,46.76,2025-12-22T14:09:45.490Z
sensor.battery_temperature,46.58,2025-12-22T14:10:00.484Z
sensor.battery_temperature,46.94,2025-12-22T14:13:32.633Z
sensor.battery_temperature,46.58,2025-12-22T14:13:47.495Z
sensor.battery_temperature,46.76,2025-12-22T14:14:17.490Z
sensor.battery_temperature,46.58,2025-12-22T14:14:32.498Z
sensor.battery_temperature,46.76,2025-12-22T14:14:47.489Z
sensor.battery_temperature,46.58,2025-12-22T14:15:02.495Z
sensor.battery_temperature,46.76,2025-12-22T14:15:17.489Z
sensor.battery_temperature,46.58,2025-12-22T14:15:32.486Z
sensor.battery_temperature,46.76,2025-12-22T14:15:47.503Z
sensor.battery_temperature,46.58,2025-12-22T14:16:02.489Z
sensor.battery_temperature,46.76,2025-12-22T14:16:32.488Z
sensor.battery_temperature,unknown,2025-12-22T14:18:17.491Z
sensor.battery_temperature,41.72,2025-12-22T14:18:32.507Z
sensor.battery_temperature,46.76,2025-12-22T14:18:47.489Z
sensor.battery_temperature,46.94,2025-12-22T14:19:17.487Z
sensor.battery_temperature,47.12,2025-12-22T14:27:02.489Z
sensor.battery_temperature,46.94,2025-12-22T14:27:17.500Z
sensor.battery_temperature,47.12,2025-12-22T14:28:17.490Z
sensor.battery_temperature,46.94,2025-12-22T14:28:32.490Z
sensor.battery_temperature,47.12,2025-12-22T14:29:02.491Z
sensor.battery_temperature,46.94,2025-12-22T14:29:17.489Z
sensor.battery_temperature,47.12,2025-12-22T14:29:32.513Z
sensor.battery_temperature,46.94,2025-12-22T14:29:47.490Z
